"DATENTYP";"EINHEIT";"FOLGEFRAGE";"FRAGENUMMER";"FRAGETEXT";"FRAGETYP";"OBERE GRENZE";"OPTIONAL";"SCHRITTGRÖSSE";"SINGLECHOICE";"SKALA";"TOPIC1";"TOPIC1_BESCHREIBUNG";"TOPIC2";"TOPIC2_BESCHREIBUNG";"TOPIC3";"TOPIC3_BESCHREIBUNG";"TOPIC4";"TOPIC4_BESCHREIBUNG";"TOPIC5";"TOPIC5_BESCHREIBUNG";"UNTERE GRENZE"
"String";"";"2";"1";"Beispiel Frage Text";"Frage";"";"true";"";"false";"";"Beispiel Instrument";"Hier können Sie einen Text zur Beschreibung des Instruments einfügen.";"";"";"";"";"";"";"";"";""
"Option";"";"3";"2";"Beispiel Frage Multible Chioce";"Frage";"";"true";"";"false";"";"Beispiel Instrument";"Hier können Sie einen Text zur Beschreibung des Instruments einfügen.";"";"";"";"";"";"";"";"";""
"Option";"";"4";"3";"Beispiel Frage Singel Chioce";"Frage";"";"true";"";"true";"";"Beispiel Instrument";"Hier können Sie einen Text zur Beschreibung des Instruments einfügen.";"";"";"";"";"";"";"";"";""
"Integer";"";"5";"4";"Beispiel Frage Likert-Skala";"Frage";"";"true";"";"true";"";"Beispiel Instrument";"Hier können Sie einen Text zur Beschreibung des Instruments einfügen.";"";"";"";"";"";"";"";"";""
"Double";"";"6";"5";"Beispiel Frage Skala";"Frage";"10.0";"true";"";"false";"";"Beispiel Instrument";"Hier können Sie einen Text zur Beschreibung des Instruments einfügen.";"";"";"";"";"";"";"";"";"1.0"
"Date";"";"";"6";"Beispiel Frage Zeit";"Frage";"";"true";"";"false";"";"Beispiel Instrument";"Hier können Sie einen Text zur Beschreibung des Instruments einfügen.";"";"";"";"";"";"";"";"";""
